,block_hash,block_number,from_account_user_username,from_account_profile_img_url,from_account_address,from_account_config,from_account_discord_id,id,timestamp,to_account_user_username,to_account_profile_img_url,to_account_address,to_account_config,to_account_discord_id,transaction_hash,transaction_index,to_account_user,
0,0xf85a6aa0c7699d775da51895e89ee4a99f380ae7a44756da8eab8760ae6694ce,12332021,baloo3101,https://storage.googleapis.com/opensea-static/opensea-profile/25.png,0x4a93a25509947d0744efc310ae23c1a15be7c19b,,,107489828.0,2021-04-29T00:02:11,OpenSea-Orders,https://storage.googleapis.com/opensea-static/opensea-profile/22.png,0x7be8076f4ea4a4ad08075c2508e481d6c946d12b,verified,,0x2e73b49b7366f76ddcdc1bb532d3234a37b88f96bf233fdf0b20686a20c3f168,135,,
1,0xec6338c408cc850c5325a745443a1c0a79c3b0f85d2547eb5384ce39263e665d,12331795,PaulV,https://storage.googleapis.com/opensea-static/opensea-profile/20.png,0xe616c9bdade55ea70682e3a5bb99ae4b4c843680,,,107475633.0,2021-04-28T23:11:24,OpenSea-Orders,https://storage.googleapis.com/opensea-static/opensea-profile/22.png,0x7be8076f4ea4a4ad08075c2508e481d6c946d12b,verified,,0x39d31bef37cf0fd9ccf02880fe4d39d1f002a97aa45a33294c451ced356664ac,175,,
2,0xeb091183529cb79483f62d05c212b59285445a4d86ffb34c1cd397cad4bc811d,12331577,jnuni,https://storage.googleapis.com/opensea-static/opensea-profile/2.png,0xdfbbe5686d054944a4e64cdd588f5777b56d1b63,,,107461575.0,2021-04-28T22:21:18,OpenSea-Orders,https://storage.googleapis.com/opensea-static/opensea-profile/22.png,0x7be8076f4ea4a4ad08075c2508e481d6c946d12b,verified,,0x1ee6ae70a87a364c72533575654bc588ca81d86bb9c1f178a34db31b8485070a,159,,
3,0xe41225b82c3cfcd4daebe0998c56758908bceb5f49594265131a56297f81db73,12330395,tricky8181,https://storage.googleapis.com/opensea-static/opensea-profile/9.png,0xf08755720ffee568d320c7daa9f5822b82c4f7a8,,,107379414.0,2021-04-28T17:51:08,OpenSea-Orders,https://storage.googleapis.com/opensea-static/opensea-profile/22.png,0x7be8076f4ea4a4ad08075c2508e481d6c946d12b,verified,,0x45eaecc046fb9985ed00b9e262116a1612305fe4b41590c2050e9c3c8d0421ea,171,,
4,0x679b1f173c4ebaddfa458dcb45a7c0a05a7e0382800f59f25861224aabe90325,12317139,Icemanlb,https://storage.googleapis.com/opensea-static/opensea-profile/5.png,0xe4da72e19e6a6b877cfd0e5baa1f1c934157b4a6,,,106525659.0,2021-04-26T16:47:43,OpenSea-Orders,https://storage.googleapis.com/opensea-static/opensea-profile/22.png,0x7be8076f4ea4a4ad08075c2508e481d6c946d12b,verified,,0xf34fb8c99ced4e75a8d0d1f1c5a6b62e8fff7a3eaa210a0fe4848df4c54e7a1f,220,,
5,0xdc8735762b15c83eef422228a63c8ef3ed459af64723c6d8d8a31345db466e87,12304297,themanz,https://storage.googleapis.com/opensea-static/opensea-profile/23.png,0x3ed441d38352f8b7b2306e85021d00c97e6079eb,,,105770976.0,2021-04-24T17:33:58,,https://storage.googleapis.com/opensea-static/opensea-profile/27.png,0x495f947276749ce646f68ac8c248420045cb7b5e,,,0x1b1df76c0b4fe041e3c5f1371e254207a87f8c8aaa46db3a5d8d89448e0afe3f,79,,
6,0x975669e9ca749d24cebd0f702a1c679345b8ae87ada6557d289d0d8ba59030dc,12303257,themanz,https://storage.googleapis.com/opensea-static/opensea-profile/23.png,0x3ed441d38352f8b7b2306e85021d00c97e6079eb,,,105712843.0,2021-04-24T13:41:50,,https://storage.googleapis.com/opensea-static/opensea-profile/27.png,0x495f947276749ce646f68ac8c248420045cb7b5e,,,0x5061fee9b6cfbdbac82accec828c925a4445fa7298ad9900b5bbddc495474b97,177,,
7,0x50a9bbf555eb71983cf4525699cf3e6a73989265676eab3231e8976d09b9c01a,12281294,MostLikelyEating,https://storage.googleapis.com/opensea-static/opensea-profile/19.png,0x23f5b755579cb176709a8750239a1c6b30f70646,,,104443183.0,2021-04-21T04:02:06,OpenSea-Orders,https://storage.googleapis.com/opensea-static/opensea-profile/22.png,0x7be8076f4ea4a4ad08075c2508e481d6c946d12b,verified,,0x1d3adcfc433d12d62e7b2fa957da162dce2cbc46315cf999efdbbdb374fb0434,55,,
8,0x8c503c1907c3c8aac917bbd0a64402a109be44930693491e7ce9f23d35214f7b,12281231,themanz,https://storage.googleapis.com/opensea-static/opensea-profile/23.png,0x3ed441d38352f8b7b2306e85021d00c97e6079eb,,,104439889.0,2021-04-21T03:49:12,,https://storage.googleapis.com/opensea-static/opensea-profile/27.png,0x495f947276749ce646f68ac8c248420045cb7b5e,,,0x4d456be83143beafa4c108b09510de2e73f217781770dda7530425907b1764cd,112,,
9,0x0e471c6bdc27bef6e49fc2c484cb405ea90d73e012a75591d4c0e48932ddf2f6,12280828,swaHili,https://storage.googleapis.com/opensea-static/opensea-profile/16.png,0x232e02988970e8ab920c83964cc7922d9c282dca,,,104419553.0,2021-04-21T02:26:14,OpenSea-Orders,https://storage.googleapis.com/opensea-static/opensea-profile/22.png,0x7be8076f4ea4a4ad08075c2508e481d6c946d12b,verified,,0x0ce1dbf3c41d710daa648f5ee4ec976b9f404ffd03bba93e541372fe2ffd9cf0,116,,
10,0xeb78c81f815ff966d7d49af140df20e787c061cdc57df332cc032e1c0ad0be9e,12279511,frankiep2323,https://storage.googleapis.com/opensea-static/opensea-profile/9.png,0x812be66f439b69f9319feace78dd189f2591ff2b,,,104346359.0,2021-04-20T21:26:35,OpenSea-Orders,https://storage.googleapis.com/opensea-static/opensea-profile/22.png,0x7be8076f4ea4a4ad08075c2508e481d6c946d12b,verified,,0xadb193eba9edbae3c76d5714563ba5df9200f225a8c5ed3cde59b4eef14dc967,167,,
11,0xaa8c149dda600e099a3c5c14ac09fa60939509ba8f401417facba02a35567114,12278290,MBabs,https://storage.googleapis.com/opensea-static/opensea-profile/32.png,0xd1c053ced027ef33b8acbb10aeb7711987b29554,,,104274584.0,2021-04-20T17:07:40,OpenSea-Orders,https://storage.googleapis.com/opensea-static/opensea-profile/22.png,0x7be8076f4ea4a4ad08075c2508e481d6c946d12b,verified,,0xfe29938acf23b0a1c51779cb40a37807d2b1f5d5a01fdcd4cf41ffa80d6cdf70,185,,
12,0xe8e160deb35a468f04b1726ca0ceafac89e939f631f3958f77c4a170e01a071c,12251492,Alex3422,https://storage.googleapis.com/opensea-static/opensea-profile/26.png,0xef3d9ddf59f3622a04753c61e6c4d596e7fc610d,affiliate,,102806268.0,2021-04-16T13:58:15,OpenSea-Orders,https://storage.googleapis.com/opensea-static/opensea-profile/22.png,0x7be8076f4ea4a4ad08075c2508e481d6c946d12b,verified,,0x409a8b78233785774aad6dc5c90caa5224496845b8733100959f67ea9d4d6968,167,,
13,0xd308df0c7d7a1f1fd53ebe33512b8adcb4d6c2f3a1e9ed7fc55f768f30dbd5f0,12251070,TomFrigginHanks,https://storage.googleapis.com/opensea-static/opensea-profile/25.png,0x951c8a4fc199ba0c4fef917ddee2c511ac0da2f3,,,102780624.0,2021-04-16T12:19:52,OpenSea-Orders,https://storage.googleapis.com/opensea-static/opensea-profile/22.png,0x7be8076f4ea4a4ad08075c2508e481d6c946d12b,verified,,0x21a53d9baf938275ce0cb39e729f348fca4bfe7225c6c9cd39d401388a9f2c09,95,,
14,0x673f9ced9ac8872b73412918efefc1277ac1d61835a7af94c1de9e149bf4862f,12248864,yayayaya,https://storage.googleapis.com/opensea-static/opensea-profile/18.png,0xcfd66de3b3990b72023b58b1de6f41e28c897227,,,102618939.0,2021-04-16T03:54:30,OpenSea-Orders,https://storage.googleapis.com/opensea-static/opensea-profile/22.png,0x7be8076f4ea4a4ad08075c2508e481d6c946d12b,verified,,0xa001780b4207ed552306407f21afdfa4c7e11c5a3f40f6fb5eea9dc33c2184d1,184,,
15,0xd143b52c3867e59f72982b5ade1c22f569ebbf21fe0994201bda47cdea1aa99c,12229007,themanz,https://storage.googleapis.com/opensea-static/opensea-profile/23.png,0x3ed441d38352f8b7b2306e85021d00c97e6079eb,,,100850766.0,2021-04-13T02:19:21,,https://storage.googleapis.com/opensea-static/opensea-profile/27.png,0x495f947276749ce646f68ac8c248420045cb7b5e,,,0xd6a1a5b757579dbf330997077db4363354c41213933b7ddfde7956dd64c1dc19,92,,
16,0x1f700f185def2eb811c99771427219374d550aa8abebfc76998921bce0c87b24,12228024,Mossy,https://storage.googleapis.com/opensea-static/opensea-profile/7.png,0x9a7d259300521b1e910f2b59a59fbb42c66e840f,,,100767178.0,2021-04-12T22:38:07,OpenSea-Orders,https://storage.googleapis.com/opensea-static/opensea-profile/22.png,0x7be8076f4ea4a4ad08075c2508e481d6c946d12b,verified,,0x2304ebddbd7cc57ceb4dfef6d3e08ef884c3271fee1675b87d3736faf818be54,261,,
17,0x52298ad1efa3d8d71617da30d16bf475c2fd94523d9f1d8381d7d3e311ac7c99,12227526,themanz,https://storage.googleapis.com/opensea-static/opensea-profile/23.png,0x3ed441d38352f8b7b2306e85021d00c97e6079eb,,,100725780.0,2021-04-12T20:50:37,OpenSea-Orders,https://storage.googleapis.com/opensea-static/opensea-profile/22.png,0x7be8076f4ea4a4ad08075c2508e481d6c946d12b,verified,,0x7efb6fda26f1e56edb1e918211dac0b176b7f44f62ba56fa03df806b79bf32cf,107,,
18,0x8e9986a9e0a5f63e37264f751969be9ea81f04a836ffcb204ae413bedcb194e0,12227420,EvanCMcDonald,https://storage.googleapis.com/opensea-static/opensea-profile/26.png,0x71fa030c1e8ef5f707d82d0b0af9083ae48199d4,,,100716428.0,2021-04-12T20:27:06,OpenSea-Orders,https://storage.googleapis.com/opensea-static/opensea-profile/22.png,0x7be8076f4ea4a4ad08075c2508e481d6c946d12b,verified,,0xa2e0bdabbbbec9bdf2132c96cc34c117531106131650ae1f4144082ec31cb74d,107,,
19,0x92243fbcb2788748cc26aa13d6d3956e37d1026cf5dc9471c7cc779d40df8cdd,12219051,LexPace929,https://storage.googleapis.com/opensea-static/opensea-profile/4.png,0x100345a67650f8510cf21e9917d0a86b19f21516,,,100021131.0,2021-04-11T14:01:26,OpenSea-Orders,https://storage.googleapis.com/opensea-static/opensea-profile/22.png,0x7be8076f4ea4a4ad08075c2508e481d6c946d12b,verified,,0x7c82b76a11564e670e3877b55220fcf6ffbfa5d3ab5bf94a1b43727eefa6f51a,69,,
20,0x8194d3052d48b245beed4a619356e30250a4863b67d90d9b2f00b8e0e3f2906f,12218693,themanz,https://storage.googleapis.com/opensea-static/opensea-profile/23.png,0x3ed441d38352f8b7b2306e85021d00c97e6079eb,,,99988188.0,2021-04-11T12:47:13,,https://storage.googleapis.com/opensea-static/opensea-profile/27.png,0x495f947276749ce646f68ac8c248420045cb7b5e,,,0x6b4853f73097887468f419baf5e00db6ac5ecec1013b929b61df2517e1bc31f6,97,,
21,0xfca821673a2714b5e29b646fe098c91b5b9353731dd2819dccd9b4709493d039,12216707,WillisIsAwesome,https://storage.googleapis.com/opensea-static/opensea-profile/13.png,0x31ae2d14e78312d43f21823400724bd87ea51e12,,,99849984.0,2021-04-11T05:19:14,OpenSea-Orders,https://storage.googleapis.com/opensea-static/opensea-profile/22.png,0x7be8076f4ea4a4ad08075c2508e481d6c946d12b,verified,,0x2cdde06a021641e0702957c44ee25021273b1f2fdf61baee09ba2a9912e6daee,58,,
22,0x9e0136fe3d1988b184f7eb2cb33df8adfb605a02ef1f49abc8bd41257b263330,12212072,themanz,https://storage.googleapis.com/opensea-static/opensea-profile/23.png,0x3ed441d38352f8b7b2306e85021d00c97e6079eb,,,99491244.0,2021-04-10T12:12:11,,https://storage.googleapis.com/opensea-static/opensea-profile/27.png,0x495f947276749ce646f68ac8c248420045cb7b5e,,,0xccff71c1b022e4a2c3083453a6f36bbd7b4bf7fe1878818fb2446d925a558b58,168,,
23,0x4278c81803dd4dd275b38318148e99aa4fba329fc61438b2780d8e148b62229c,12209562,CCollins505,https://storage.googleapis.com/opensea-static/opensea-profile/31.png,0x54143c0817bcdf902fa1a09ec572e2d040916584,,,99308342.0,2021-04-10T02:55:47,OpenSea-Orders,https://storage.googleapis.com/opensea-static/opensea-profile/22.png,0x7be8076f4ea4a4ad08075c2508e481d6c946d12b,verified,,0x98c889d2ee63477721d02fdb5c1a9f03aa08ed66faba1e95a0436766a6f589ea,40,,
24,0x9434f6bf747b834b076a15742014d0e8c2f7e562a82733a406623a3bde495a05,12204230,MageHog,https://storage.googleapis.com/opensea-static/opensea-profile/23.png,0x2504407012559909eb9ea18273d2617d0c658243,affiliate,,98875074.0,2021-04-09T07:09:45,OpenSea-Orders,https://storage.googleapis.com/opensea-static/opensea-profile/22.png,0x7be8076f4ea4a4ad08075c2508e481d6c946d12b,verified,,0x80dcf2f430d4f8fd48194ce4418e0a737a07bcce815e1e7c0f39da83292c8aed,82,,
25,0x162236b028523623d66f8c7e145dacce9ad312ec13095a786f6083d2ac892c2c,12201662,cryptoblaster,https://storage.googleapis.com/opensea-static/opensea-profile/33.png,0xaaadc5ecd1ae5d9a67d625c0021d9a59e01b3a89,,,98665263.0,2021-04-08T21:33:29,OpenSea-Orders,https://storage.googleapis.com/opensea-static/opensea-profile/22.png,0x7be8076f4ea4a4ad08075c2508e481d6c946d12b,verified,,0xba45a506d28b238b6a62088d3a9538222d9a15db20ff07e2ba750632fe1be316,112,,
26,0xb25c6211825d53db501b7565606d8a47e7fe6f2d2b67cf5130dfd52028717026,12201600,KingTut29,https://storage.googleapis.com/opensea-static/opensea-profile/12.png,0xde89db35d4aaa281904faccf48033a66003ea50d,,,98659674.0,2021-04-08T21:19:16,OpenSea-Orders,https://storage.googleapis.com/opensea-static/opensea-profile/22.png,0x7be8076f4ea4a4ad08075c2508e481d6c946d12b,verified,,0xf68d8ab70918cf9b1495a05d6788410d414f04e42b4ac235e363fc79e7326c0a,155,,
27,0x6f631f094010ecb2d0f72752a6996fd80ebd9f87181cef0aeb56aaeffec1aed8,12200707,Underoath72,https://storage.googleapis.com/opensea-static/opensea-profile/15.png,0x00dc56403915be0076213e3cefd95a20b713a68c,,,98587805.0,2021-04-08T18:07:32,OpenSea-Orders,https://storage.googleapis.com/opensea-static/opensea-profile/22.png,0x7be8076f4ea4a4ad08075c2508e481d6c946d12b,verified,,0x74008c3f679e3879228605aafef0e379c2ebf2d3551b313e722b7da514ff09d3,194,,
28,0x43a222c490ac17a1844ecacca73c2dba98de9fe701a48d9092e64f9a0d59a1c6,12200181,Wical,https://storage.googleapis.com/opensea-static/opensea-profile/25.png,0x77f9e6516d6f677d6e30fd165afcf3a802d33006,,,98541515.0,2021-04-08T16:10:36,OpenSea-Orders,https://storage.googleapis.com/opensea-static/opensea-profile/22.png,0x7be8076f4ea4a4ad08075c2508e481d6c946d12b,verified,,0x84335151e179f91774e0ce24a28bd696b2ce68b5f0b7f2dd4845234032df6d72,40,,
29,0x1a6076f612bda8aed0890bda019f87ded86690c43b3fe020306e081425ed122f,12194676,Furbyhoobler,https://storage.googleapis.com/opensea-static/opensea-profile/27.png,0x88ae54cebf4815dad3535ee72eaa2b70f3ff9fe8,,,98090649.0,2021-04-07T19:54:17,OpenSea-Orders,https://storage.googleapis.com/opensea-static/opensea-profile/22.png,0x7be8076f4ea4a4ad08075c2508e481d6c946d12b,verified,,0x7a864c78155551be05f1c15e3ed77ec79af844559ceb1185ac0e32d2104e1e79,137,,
30,0xa07e1fa79c14e16f6b963953abacc7a239a5972d33dba66c0a33ecc38e97ee44,12190343,bernzone,https://storage.googleapis.com/opensea-static/opensea-profile/20.png,0x80a698189f9c1f41976d34a41498a039822c1c84,,,97818593.0,2021-04-07T03:43:49,OpenSea-Orders,https://storage.googleapis.com/opensea-static/opensea-profile/22.png,0x7be8076f4ea4a4ad08075c2508e481d6c946d12b,verified,,0xb3475866d0cb32876378b00285497143f5a8832e5150d8f2fad8b9cd3cebd6bf,165,,
31,0xa569c647e8cdfe430430c3b1a6cb1d55faf45059f50eea70d41b2e845fa1c979,12190283,themanz,https://storage.googleapis.com/opensea-static/opensea-profile/23.png,0x3ed441d38352f8b7b2306e85021d00c97e6079eb,,,97816153.0,2021-04-07T03:33:09,,https://storage.googleapis.com/opensea-static/opensea-profile/27.png,0x495f947276749ce646f68ac8c248420045cb7b5e,,,0x768a7bfee387ad7bd97b2b062d1906d381f710db987cbd0d2f4e3074e955459b,180,,
32,0x27b79c7e12e38d4b99d774ee6ae3536ddea9df7b0f326b8fe6ea15c24fe76226,12189886,BobbySessions,https://storage.googleapis.com/opensea-static/opensea-profile/20.png,0x75e86783948ccae3283d8b8e98434ce26c48114c,,,97797898.0,2021-04-07T02:06:40,OpenSea-Orders,https://storage.googleapis.com/opensea-static/opensea-profile/22.png,0x7be8076f4ea4a4ad08075c2508e481d6c946d12b,verified,,0xc7c0ba4e71c143910fecb939f72c3426ecb9305d7587c61f9bc72a0fe42c9017,55,,
33,0x0fe01d2ead788f5f67cbb8c31dda0557cb8b216dd02de199dbcfcb0cbbd4f4c0,12186719,,https://storage.googleapis.com/opensea-static/opensea-profile/28.png,0xb9ac2416ec0009c914d0ba3c972b0b36f15f7145,,,97634486.0,2021-04-06T14:30:03,OpenSea-Orders,https://storage.googleapis.com/opensea-static/opensea-profile/22.png,0x7be8076f4ea4a4ad08075c2508e481d6c946d12b,verified,,0x29d63871bfbfc06e767e9f2fca4250f8d98b4d1324e1fd853cee7028fa0e33f6,70,,
34,0xf547d1e3f4e2a83b4fdb2a703d066d647e5149d4c5aeac2206827fb1d3a4ba48,12183439,pickelino,https://storage.googleapis.com/opensea-static/opensea-profile/25.png,0x28ac01ebf289292783cfaad9bbf2c7fe2666dfbd,,,97479941.0,2021-04-06T02:27:49,OpenSea-Orders,https://storage.googleapis.com/opensea-static/opensea-profile/22.png,0x7be8076f4ea4a4ad08075c2508e481d6c946d12b,verified,,0x02de1009a78edd4cce2f4e638d5bc6044ec137ddc0aaddfd1a07b70f3276e63c,100,,
35,0xf43d78cfcb888e51ecde219b1095e1e97aa02850f661361fe1a57ffbcc2621e3,12182280,kennytrulove,https://storage.googleapis.com/opensea-static/opensea-profile/30.png,0x831a3863ab1c49558b92f12c548c91c72ae18872,,,97419509.0,2021-04-05T22:05:41,OpenSea-Orders,https://storage.googleapis.com/opensea-static/opensea-profile/22.png,0x7be8076f4ea4a4ad08075c2508e481d6c946d12b,verified,,0x66c51094b9e6004edfc3b5d97197e127910b3a4212736334fc108e5185005775,36,,
36,0x0042325375c11b3404d500ddef1c52474c5ed8b2324da2b47e305941bf18ba85,12181986,just-a-dude-and-his-nfts,https://storage.googleapis.com/opensea-static/opensea-profile/4.png,0x78ac9518f1112a5c3b3b74b87d41dbfa407bbd9c,affiliate,,97404286.0,2021-04-05T21:06:02,OpenSea-Orders,https://storage.googleapis.com/opensea-static/opensea-profile/22.png,0x7be8076f4ea4a4ad08075c2508e481d6c946d12b,verified,,0xa13f2ba4a2989b051188f26ea5b35b51363d44254b354e34cfcc676bcfc27080,154,,
37,0x2641bb29ffdbd305aa8234345c228acfee3a41e8341c77d3cabd9d9358642e40,12181976,just-a-dude-and-his-nfts,https://storage.googleapis.com/opensea-static/opensea-profile/4.png,0x78ac9518f1112a5c3b3b74b87d41dbfa407bbd9c,affiliate,,97403743.0,2021-04-05T21:04:14,OpenSea-Orders,https://storage.googleapis.com/opensea-static/opensea-profile/22.png,0x7be8076f4ea4a4ad08075c2508e481d6c946d12b,verified,,0xe3700b9362774067ae8bc2d6799df78baac954e7acf10ffe40802ff82e2526da,144,,
38,0x63799e118f798c1ea6f6b03d3bf14d8fecd976ed2ad9c411748c01f2a7ede4e6,12181934,irblack,https://storage.googleapis.com/opensea-static/opensea-profile/27.png,0x5ce50f7c475ff98c09df85ff9545d577b91d3da7,,,97401465.0,2021-04-05T20:54:56,OpenSea-Orders,https://storage.googleapis.com/opensea-static/opensea-profile/22.png,0x7be8076f4ea4a4ad08075c2508e481d6c946d12b,verified,,0xdc34203a7ca9ffeb270e75700587d523902946df3e9b8ecdce88c4afa9995b89,151,,
39,0xcdba5cb1e5de9a71b307f97b1880d7c921a151ed625aa980304de1eedd451d78,12180961,DDCLUTCH44,https://storage.googleapis.com/opensea-static/opensea-profile/12.png,0xf1fd2f19410bbbe34f93258bcde768bd27f44bf4,,,97349478.0,2021-04-05T17:20:14,OpenSea-Orders,https://storage.googleapis.com/opensea-static/opensea-profile/22.png,0x7be8076f4ea4a4ad08075c2508e481d6c946d12b,verified,,0x171f7b12f0c4daa912c4a6bff8ea1e3f395cd791c2f915be5837e27c845d096b,130,,
40,0x8fc26a479c943219e433505b9e61f70a095e903694d2a85ff3af22e434432b81,12179613,jnuni,https://storage.googleapis.com/opensea-static/opensea-profile/2.png,0xdfbbe5686d054944a4e64cdd588f5777b56d1b63,,,97278545.0,2021-04-05T12:15:12,OpenSea-Orders,https://storage.googleapis.com/opensea-static/opensea-profile/22.png,0x7be8076f4ea4a4ad08075c2508e481d6c946d12b,verified,,0xb890fcf6bf6551cee7778a4529791b1f3ba69acd6c99c905ba610d113abb0d1e,83,,
41,0x730ea7b930260d5f9ebdc3ad31bad0c605808cf949228445b68952e62c675505,12175190,themanz,https://storage.googleapis.com/opensea-static/opensea-profile/23.png,0x3ed441d38352f8b7b2306e85021d00c97e6079eb,,,97070722.0,2021-04-04T19:55:54,,https://storage.googleapis.com/opensea-static/opensea-profile/27.png,0x495f947276749ce646f68ac8c248420045cb7b5e,,,0x944f0bf5e61e34dc8c9b5fa42b51877faa2a0ccb5c714fd2a752cb8cb3f23531,77,,
42,0x3bfebba16a95f69da6acf8f37803f08f472fd0c94c3485546ff1050ec6060c2f,12173267,themanz,https://storage.googleapis.com/opensea-static/opensea-profile/23.png,0x3ed441d38352f8b7b2306e85021d00c97e6079eb,,,96976971.0,2021-04-04T12:58:37,,https://storage.googleapis.com/opensea-static/opensea-profile/27.png,0x495f947276749ce646f68ac8c248420045cb7b5e,,,0x9bf502f454bb12de04eb89e779397ecd5e3406e51e93a774767360c3f0d3dc1d,107,,
43,0x81f4100c7fb96b83e36dadec1cc3289b42c5baeec667607833a508678eea2daa,12173205,themanz,https://storage.googleapis.com/opensea-static/opensea-profile/23.png,0x3ed441d38352f8b7b2306e85021d00c97e6079eb,,,96974132.0,2021-04-04T12:44:56,,https://storage.googleapis.com/opensea-static/opensea-profile/27.png,0x495f947276749ce646f68ac8c248420045cb7b5e,,,0x4f73e909965e92c67be7a75d4968be7ed9bfadbc19544a9e5fa59578b5077361,69,,
44,0x86d2d72cef1ea46638896a2b44ea0339b3d5e40e4fd784435a6979fc33ffc4b7,12173194,themanz,https://storage.googleapis.com/opensea-static/opensea-profile/23.png,0x3ed441d38352f8b7b2306e85021d00c97e6079eb,,,96973655.0,2021-04-04T12:42:44,,https://storage.googleapis.com/opensea-static/opensea-profile/27.png,0x495f947276749ce646f68ac8c248420045cb7b5e,,,0x5f5248df074b37709cc2aefa506060d031cded9e540459186b9a8067842f3e61,218,,
45,0xbb4f9d92eeca552c46b99acc37c249dfff1a058fff9178eeeaf4b442812f03d1,12173159,themanz,https://storage.googleapis.com/opensea-static/opensea-profile/23.png,0x3ed441d38352f8b7b2306e85021d00c97e6079eb,,,96972268.0,2021-04-04T12:36:29,,https://storage.googleapis.com/opensea-static/opensea-profile/27.png,0x495f947276749ce646f68ac8c248420045cb7b5e,,,0x43d0f340adab1c232ae1d0cb60ea402755876e4b761fa7158bd73dc1844d2e53,133,,
46,0x4d6afa562833fe97335d3c9120108a5596ba40dafc1c216ddda3d788ecc75730,12170545,,https://storage.googleapis.com/opensea-static/opensea-profile/2.png,0x782083aa90a7e9d5f840791d2cbef2dce2166aea,,,96868101.0,2021-04-04T02:57:14,OpenSea-Orders,https://storage.googleapis.com/opensea-static/opensea-profile/22.png,0x7be8076f4ea4a4ad08075c2508e481d6c946d12b,verified,,0x06d0d095bdea1e94f6351c4a43ee7fb43cbd340adc2a024397696feec9c03e73,246,,
47,0x2e63b4823e19a34359b1f4810001845fe94457616947a48b2c42aff0eb88dd8b,12168670,Parcher,https://storage.googleapis.com/opensea-static/opensea-profile/6.png,0x7e3ca16883955c88af51f11e4428e6d3d960f897,,,96782482.0,2021-04-03T20:06:45,OpenSea-Orders,https://storage.googleapis.com/opensea-static/opensea-profile/22.png,0x7be8076f4ea4a4ad08075c2508e481d6c946d12b,verified,,0xb86b9d456471518457cfb0c2b550f8f765b20a8ae338b92d6f4488c03000a9a9,164,,
48,0xd0e0fa330379d06989332124514bca1b7de91736166ce922bbd5b4a20cd80072,12168594,,https://storage.googleapis.com/opensea-static/opensea-profile/15.png,0xae13319623f0c3e0a25f25a358cb14e3a5f10c68,,,96779262.0,2021-04-03T19:47:02,OpenSea-Orders,https://storage.googleapis.com/opensea-static/opensea-profile/22.png,0x7be8076f4ea4a4ad08075c2508e481d6c946d12b,verified,,0x372306ff205c6c671adfc5e2c72d21b500b361b88a882abddaee6fab974c2647,200,,
49,0x083c804cbc1a859c6d6371378ee8d7fd380fe0c2383e5437a0c2bad67ec37200,12167481,ahewgill,https://storage.googleapis.com/opensea-static/opensea-profile/29.png,0x2a3d34c4c5eec9d7401ed44f93d47e44ac19d37b,,,96729660.0,2021-04-03T15:42:57,OpenSea-Orders,https://storage.googleapis.com/opensea-static/opensea-profile/22.png,0x7be8076f4ea4a4ad08075c2508e481d6c946d12b,verified,,0x6fc62f89832e0436ae68e89b7b445e331465fb30e343016f495ae733c9fb8642,198,,
50,0x5f4ff1619a6b6243ed408d109fa102643f305e33f127aa8799fd8bc2bda3291e,12166892,Mocexx,https://storage.googleapis.com/opensea-static/opensea-profile/15.png,0xf7467c16608191c18f89d80ddce6f29d959776b6,,,96701632.0,2021-04-03T13:36:08,OpenSea-Orders,https://storage.googleapis.com/opensea-static/opensea-profile/22.png,0x7be8076f4ea4a4ad08075c2508e481d6c946d12b,verified,,0x99cebdd2ba9427941a189db05a74982ab526874dc495cc34032d4bfcd9dc3a05,78,,
51,0x14cb6bdd99d4de9c347abd19bcc186b2dbdac4796d21d47ed7c21ee8caf96eb4,12164354,skyler,https://storage.googleapis.com/opensea-static/opensea-profile/14.png,0xde7f0086641e5fbded4bb675072b2d80e8668c67,,,96583613.0,2021-04-03T04:00:30,OpenSea-Orders,https://storage.googleapis.com/opensea-static/opensea-profile/22.png,0x7be8076f4ea4a4ad08075c2508e481d6c946d12b,verified,,0xd8dfb2232a6f2736cc8dbf6d0f693ff169869bbd758d9a997e19cb6ad55ec29d,63,,
52,0x5223c5abc17a71988b8b151983c894cb2c086ce07f0a362f30f9023095deaa03,12163865,strem87,https://storage.googleapis.com/opensea-static/opensea-profile/27.png,0x844aaca7da11920a6d22f67e10d6cdb91fb88f0f,,,96560637.0,2021-04-03T02:20:08,OpenSea-Orders,https://storage.googleapis.com/opensea-static/opensea-profile/22.png,0x7be8076f4ea4a4ad08075c2508e481d6c946d12b,verified,,0xee5fc305616bca116666419fa4649b8aab6f62ca766ebfa8d9f05ca013df2dd2,107,,
53,0x7e9af1619b4ef58289f950ab6da2864c066d6dd1ad1fe3e0e7c56acd67abab4c,12163815,RyanFoley,https://storage.googleapis.com/opensea-static/opensea-profile/31.png,0xc034fd58edffa60156a20f9f13f937676944f9d8,,,96558155.0,2021-04-03T02:11:00,OpenSea-Orders,https://storage.googleapis.com/opensea-static/opensea-profile/22.png,0x7be8076f4ea4a4ad08075c2508e481d6c946d12b,verified,,0xfeeea931dddaeaa92c6e2b25af993fb94f8c9ae66e01550844cdec738e1a4f87,87,,
54,0xb34ad9dd2bbe9b716613b9b5b3c7fc5cc7a0ff4f2b2cbca3f5649ee57a4d1d6c,12163441,dcoop328,https://storage.googleapis.com/opensea-static/opensea-profile/9.png,0xfec1f004db614dbac70d585bce1587463066482d,,,96539329.0,2021-04-03T00:50:43,OpenSea-Orders,https://storage.googleapis.com/opensea-static/opensea-profile/22.png,0x7be8076f4ea4a4ad08075c2508e481d6c946d12b,verified,,0x01e2bfbe83ac9d5b8363c0167660aeb67bc42b036b7b594a038b8ed9f3a9ce4e,38,,
55,0x2ab6283f18a142c00259910ece5ccb1f7767edecf632af7ae9e8785eaac98ae8,12163429,dcoop328,https://storage.googleapis.com/opensea-static/opensea-profile/9.png,0xfec1f004db614dbac70d585bce1587463066482d,,,96538670.0,2021-04-03T00:47:29,OpenSea-Orders,https://storage.googleapis.com/opensea-static/opensea-profile/22.png,0x7be8076f4ea4a4ad08075c2508e481d6c946d12b,verified,,0x6d653fd35e9e380f12f3a2fefb5e359695b2939b51538e7cde7eeba5e506f9b9,80,,
56,0x34085d3ef5a52dd3ee6e7c9a9736248f33e714a506d5b5555f63fa87b2aa66c3,12163081,,https://storage.googleapis.com/opensea-static/opensea-profile/4.png,0xf00a1c365adb1666183608e329e69ceddb7fd674,,,96521680.0,2021-04-02T23:29:04,OpenSea-Orders,https://storage.googleapis.com/opensea-static/opensea-profile/22.png,0x7be8076f4ea4a4ad08075c2508e481d6c946d12b,verified,,0x34ef8612a49d2d1a2fc86d50db8f9dd5e46067760c68e1423b6a654bc263395c,40,,
57,0xf8082c9f84f5a4b0d768fe5f32524d92e5209485a1bba072faf3a19c0cef3815,12162765,jsmdfs,https://storage.googleapis.com/opensea-static/opensea-profile/16.png,0x0dd217fea918bdde9d50b4bd61587c9f5d360ba6,,,96505252.0,2021-04-02T22:12:04,OpenSea-Orders,https://storage.googleapis.com/opensea-static/opensea-profile/22.png,0x7be8076f4ea4a4ad08075c2508e481d6c946d12b,verified,,0x1da1ad7bfef5968500d7451b846e1e44337cc888e29ab4733685aa0047f83d5e,35,,
58,0xd8c0357400ac4010955d63f283c066218ecae339e3ebdc88aaaa3efb017aa71f,12162705,,https://storage.googleapis.com/opensea-static/opensea-profile/17.png,0x00000000034b55ebd82cde9b38a85ab0978b7a47,,,96502558.0,2021-04-02T21:58:39,OpenSea-Orders,https://storage.googleapis.com/opensea-static/opensea-profile/22.png,0x7be8076f4ea4a4ad08075c2508e481d6c946d12b,verified,,0x7cb18ccd6c9e9f9d1382b2d2827e671242bc670fff43ba442a0d249dd9f45c8e,61,,
59,0xcf6ddddd306dba522fda550eff805edb88b014f566c0d82caccef68c1877949f,12162672,RKFDblue,https://storage.googleapis.com/opensea-static/opensea-profile/19.png,0x2567432b857f445a7646e6ae992776fd91db7263,,,96500935.0,2021-04-02T21:51:59,OpenSea-Orders,https://storage.googleapis.com/opensea-static/opensea-profile/22.png,0x7be8076f4ea4a4ad08075c2508e481d6c946d12b,verified,,0xc11ff585abdc78f21afdd028c22c3db12ed8ae3beec3ed944a308da437cc8cfb,148,,
60,0x9319a762e0afd1dfedb81042abac6ba309d71dc23ddf210804d5af125f4f488f,12162580,DailyRojo,https://storage.googleapis.com/opensea-static/opensea-profile/2.png,0xc9fd7ce02415d7aacd36675fbef6862fc3396722,,,96496132.0,2021-04-02T21:33:06,OpenSea-Orders,https://storage.googleapis.com/opensea-static/opensea-profile/22.png,0x7be8076f4ea4a4ad08075c2508e481d6c946d12b,verified,,0x5f5d21d4c0b7d60d3b9c49aa14b97360ca98807f4093be54c32f715f631c43b1,69,,
61,0xc8ebba47a0079de50c935524f743dd58093a99d9093dbd43a83c18773a30c5ed,12162513,Alex3422,https://storage.googleapis.com/opensea-static/opensea-profile/26.png,0xef3d9ddf59f3622a04753c61e6c4d596e7fc610d,affiliate,,96492743.0,2021-04-02T21:19:06,OpenSea-Orders,https://storage.googleapis.com/opensea-static/opensea-profile/22.png,0x7be8076f4ea4a4ad08075c2508e481d6c946d12b,verified,,0xab4e6387b72331acdb3fc0662bf941ce5fddca6a849c1b6d117abfadb451f5e5,121,,
62,0xe751db9eee83236a7c112209a90b58cec3150bb1e6a143885d3bec83146fdb27,12162511,ScruffMcGruff,https://storage.googleapis.com/opensea-static/opensea-profile/29.png,0x4601cf3804bb40e13699465db1da27d4d17bb360,,,96492614.0,2021-04-02T21:18:54,OpenSea-Orders,https://storage.googleapis.com/opensea-static/opensea-profile/22.png,0x7be8076f4ea4a4ad08075c2508e481d6c946d12b,verified,,0xa1dac10f611e0e2151089eb234cf79b694d1e2ec38912ee57d03ed74537de297,15,,
63,0x12c2a6b7855037d57a850ed648f3e423fd299167d38dc5ee3932c13e353adf38,12162502,Mocexx,https://storage.googleapis.com/opensea-static/opensea-profile/15.png,0xf7467c16608191c18f89d80ddce6f29d959776b6,,,96492173.0,2021-04-02T21:16:53,OpenSea-Orders,https://storage.googleapis.com/opensea-static/opensea-profile/22.png,0x7be8076f4ea4a4ad08075c2508e481d6c946d12b,verified,,0x6443ba05528f1c6846c23190c2ffbee6c7a904fc29c641cf70a6a05dbef98f34,143,,
64,0x407cb1a63f1358b882c7840e0fe292762da2b426222d7bced06c49a4181b5bad,12162495,Gdizzle11,https://storage.googleapis.com/opensea-static/opensea-profile/13.png,0x722fc0516d4e5d8668dd1545b3431de247ba333d,,,96491760.0,2021-04-02T21:14:16,OpenSea-Orders,https://storage.googleapis.com/opensea-static/opensea-profile/22.png,0x7be8076f4ea4a4ad08075c2508e481d6c946d12b,verified,,0x4f68c981631dfd8386b7ba2ada933c7e2907948497da93e528e593b8669583bb,113,,
65,0x664d54dd3fca24f4d514c936e56ca4f5609b10b0f9f583b2c5d4878d4cf96bdf,12162474,sjackson15,https://storage.googleapis.com/opensea-static/opensea-profile/22.png,0xb8828e69a16e125e92533829a555971ce94dbadf,,,96490524.0,2021-04-02T21:09:18,OpenSea-Orders,https://storage.googleapis.com/opensea-static/opensea-profile/22.png,0x7be8076f4ea4a4ad08075c2508e481d6c946d12b,verified,,0x6d549e5c85fcbe5da9719aa7b2470d957cbbbba64b9576e90c8199f92e12ea51,186,,
66,0xa402d843353255a98b9edae3966f5045451ae4ee46180212fc2a0497bc3be0e5,12162465,KKJ,https://storage.googleapis.com/opensea-static/opensea-profile/20.png,0xe7ba4861dab7fa95ae5fb8227de310133ca56a29,,,96490024.0,2021-04-02T21:07:23,OpenSea-Orders,https://storage.googleapis.com/opensea-static/opensea-profile/22.png,0x7be8076f4ea4a4ad08075c2508e481d6c946d12b,verified,,0x85905de2044133341eb7a7d81637857dbeb97fe4e287766191d46c8ac021adf4,85,,
67,0xcd547e42904504db7fc83cce3bbed148e30f71318df3585c034d4d16c16b8f96,12162444,cmtdw,https://storage.googleapis.com/opensea-static/opensea-profile/27.png,0xb3c64a3dbecdcfe3642914c3d5f097b0790e4eb4,,,96488938.0,2021-04-02T21:02:36,OpenSea-Orders,https://storage.googleapis.com/opensea-static/opensea-profile/22.png,0x7be8076f4ea4a4ad08075c2508e481d6c946d12b,verified,,0x976f5487b97c1543c6827bdfba5f399ac05ae191baa5c8587f5b448da50ef9ed,101,,
68,0x89f79dabde4713c02af624b6a9f6ae3e4b060a8021c84e07d9a758b5bc589249,12162428,JLSanchez,https://storage.googleapis.com/opensea-static/opensea-profile/6.png,0x537180e939bc1cb747a2e75b71404e1071e91f15,,,96488038.0,2021-04-02T20:59:31,OpenSea-Orders,https://storage.googleapis.com/opensea-static/opensea-profile/22.png,0x7be8076f4ea4a4ad08075c2508e481d6c946d12b,verified,,0x89a20105df243cb1734443f940b38fbb3e6d5949a2cb2bdeaa16eafc9dedd0e0,14,,
69,0xacad290493f603bacfa672fa3ab5bd754fd08d565feee0d55a3e90a2b774a1eb,12162401,Goomba,https://storage.googleapis.com/opensea-static/opensea-profile/31.png,0x0d832712eded614b917e4524d3597574a8ac9d51,,,96486651.0,2021-04-02T20:54:16,OpenSea-Orders,https://storage.googleapis.com/opensea-static/opensea-profile/22.png,0x7be8076f4ea4a4ad08075c2508e481d6c946d12b,verified,,0xd40d002aafafe790d6c6283458506823f5a417b95e6ee14306f7e10d367b6a3d,121,,
70,0x8f4c296348cc5d25df35b291289795b5a26332159ba1001217c41ebbfe742cc5,12162388,Bucks,https://storage.googleapis.com/opensea-static/opensea-profile/15.png,0xbe8855b53b448c02ae5ad6d388121c933e5ba486,,,96485944.0,2021-04-02T20:50:46,OpenSea-Orders,https://storage.googleapis.com/opensea-static/opensea-profile/22.png,0x7be8076f4ea4a4ad08075c2508e481d6c946d12b,verified,,0x4aef871e16e10d607f74f42106853e969b58574e82963a68925c4e3f53cc9e05,156,,
71,0xd23d812a04ef6ddd0311b6b552ffd45ffb2b0fe1dd6335b89b9640e176870a41,12162375,Bucks,https://storage.googleapis.com/opensea-static/opensea-profile/15.png,0xbe8855b53b448c02ae5ad6d388121c933e5ba486,,,96485287.0,2021-04-02T20:47:09,OpenSea-Orders,https://storage.googleapis.com/opensea-static/opensea-profile/22.png,0x7be8076f4ea4a4ad08075c2508e481d6c946d12b,verified,,0x4df168d6b0b25cbd661ba2b342046bf2cce82e8e36dd33b599b735439ce844c0,176,,
72,0x3645719829125c0097f8f8f04188ea8dda185d2bd7be44c2ac614e952095c5b6,12162359,Worm369,https://storage.googleapis.com/opensea-static/opensea-profile/33.png,0x54b246755e70157944cba75a5372cf3c4712a6af,,,96484516.0,2021-04-02T20:45:04,OpenSea-Orders,https://storage.googleapis.com/opensea-static/opensea-profile/22.png,0x7be8076f4ea4a4ad08075c2508e481d6c946d12b,verified,,0xdce8234e2ee251c32d4e72a4f7c917116cdebddeb76bd03e63aa0f8a646306ab,222,,
73,0x069548dd50840326e4f2b087843db8697575408c109e0501fcdc579d0a0a5a8d,12162333,PuckDrop,https://storage.googleapis.com/opensea-static/opensea-profile/32.png,0xa8fbe0452eedfc4598d4c64c33615d942a70af6e,,,96483047.0,2021-04-02T20:38:55,OpenSea-Orders,https://storage.googleapis.com/opensea-static/opensea-profile/22.png,0x7be8076f4ea4a4ad08075c2508e481d6c946d12b,verified,,0x828d19364e0964e4b5020c022c1c32be08e3996a91d8add1350fecc555e1f542,204,,
74,0x0cdd8c0140a8321742a1333e32e79a200545ec17b78fe07944d7e4ea9e3e1a72,12162326,loudogsports,https://storage.googleapis.com/opensea-static/opensea-profile/5.png,0x99799dbb5a66b2ed2499524a741ab7911236db1c,,,96482628.0,2021-04-02T20:37:54,OpenSea-Orders,https://storage.googleapis.com/opensea-static/opensea-profile/22.png,0x7be8076f4ea4a4ad08075c2508e481d6c946d12b,verified,,0xc5f6805bf928bd8c013e9c31827f151b4d1229654fe6284cf12f0ccc8e6f4d7b,19,,
75,0xb532a350568058a08a481b8a20ada63383b2bfef89aeec2848ca2071efdf8e91,12162316,mbl267,https://storage.googleapis.com/opensea-static/opensea-profile/21.png,0x28a908f5a3743e9e4c3535aef17f4bc97c768086,,,96482029.0,2021-04-02T20:35:26,OpenSea-Orders,https://storage.googleapis.com/opensea-static/opensea-profile/22.png,0x7be8076f4ea4a4ad08075c2508e481d6c946d12b,verified,,0xced7da28d60868aade3c7a66f7a3ab53a432ec42f1dd9173da4b6759b75a2970,198,,
76,0xd6e9ab4c0d4c3c751d4c48438d00d99222f929382c7104d9e4b973493d77271b,12162314,ShooterMcGrabbem,https://storage.googleapis.com/opensea-static/opensea-profile/24.png,0x6ae5d665dbca04d0e7bdfcb9f00e61cbcfb41f6d,,,96481897.0,2021-04-02T20:35:08,OpenSea-Orders,https://storage.googleapis.com/opensea-static/opensea-profile/22.png,0x7be8076f4ea4a4ad08075c2508e481d6c946d12b,verified,,0x158a4aef727e63af4211870b03574bd21d7fb98dc552dbdc2a4fbbeca4549657,150,,
77,0x7dc1cfd3b466d2c0f38a46325587d49cc49af74365fad429a77ac3d09dabc3a1,12162295,loudogsports,https://storage.googleapis.com/opensea-static/opensea-profile/5.png,0x99799dbb5a66b2ed2499524a741ab7911236db1c,,,96480857.0,2021-04-02T20:32:26,OpenSea-Orders,https://storage.googleapis.com/opensea-static/opensea-profile/22.png,0x7be8076f4ea4a4ad08075c2508e481d6c946d12b,verified,,0x59ee9e4ac3df2747d8806e3cd1f3a07b5d1cf33eefaa7d3cce4701361a0a317e,118,,
78,0xffb1ff359fe4b4e7a698b755168e69dd92bf63d9a298f972560c37fa7a81e43b,12162289,jpalzkill22,https://storage.googleapis.com/opensea-static/opensea-profile/6.png,0x7a1932a4be3a3b32f8e0da9e5033b0865336a260,,,96480492.0,2021-04-02T20:30:56,OpenSea-Orders,https://storage.googleapis.com/opensea-static/opensea-profile/22.png,0x7be8076f4ea4a4ad08075c2508e481d6c946d12b,verified,,0xfe9390daa5e4320a12b3828678bc83536674decf2d5c969baf91b508134f8f37,150,,
79,0xffb1ff359fe4b4e7a698b755168e69dd92bf63d9a298f972560c37fa7a81e43b,12162289,,https://storage.googleapis.com/opensea-static/opensea-profile/31.png,0xcae9ef9ea4470703bad828cd623a0c5f1da7d0b1,,,96480497.0,2021-04-02T20:30:56,OpenSea-Orders,https://storage.googleapis.com/opensea-static/opensea-profile/22.png,0x7be8076f4ea4a4ad08075c2508e481d6c946d12b,verified,,0x73cda417828473d86900e42d125438679e7485dbb45afe1bf8f54ac995fddbb8,158,,
80,0xc3ce0b86f35884f38ea4f2ecf1643049ccff02dc1f9224047c7c44d8b93af10f,12162284,RKFDblue,https://storage.googleapis.com/opensea-static/opensea-profile/19.png,0x2567432b857f445a7646e6ae992776fd91db7263,,,96480248.0,2021-04-02T20:29:45,OpenSea-Orders,https://storage.googleapis.com/opensea-static/opensea-profile/22.png,0x7be8076f4ea4a4ad08075c2508e481d6c946d12b,verified,,0x836a367177a1d9e518edb7e07e64c874739cc06fef1fda470fe80981b495dc3d,129,,
81,0x943694b104f9195764fcb33ea84dfab4ee4d2f07b74b5c321b7366fbe4fea666,12162281,KKJ,https://storage.googleapis.com/opensea-static/opensea-profile/20.png,0xe7ba4861dab7fa95ae5fb8227de310133ca56a29,,,96480051.0,2021-04-02T20:29:19,OpenSea-Orders,https://storage.googleapis.com/opensea-static/opensea-profile/22.png,0x7be8076f4ea4a4ad08075c2508e481d6c946d12b,verified,,0xd4864787bc9040a3006e278c5f18baba1d9efcc893dccdabb6fa3954f42874c9,57,,
82,0x943694b104f9195764fcb33ea84dfab4ee4d2f07b74b5c321b7366fbe4fea666,12162281,jamiethetweeter,https://storage.googleapis.com/opensea-static/opensea-profile/33.png,0x48f36f6f63423eb59f344bab7614ad8880c8fa1d,,,96480063.0,2021-04-02T20:29:19,OpenSea-Orders,https://storage.googleapis.com/opensea-static/opensea-profile/22.png,0x7be8076f4ea4a4ad08075c2508e481d6c946d12b,verified,,0x219f225a9848ec9bb4b59baa5e2ee48c9a52b33d504da617ccb49efb79e76d0f,78,,
83,0x5d9009a41b971713df1c84a8a10207f07c8bf93985d5b764705955d60cb7773b,12162279,Carlini8,https://storage.googleapis.com/opensea-static/opensea-profile/30.png,0x0d41f957181e584db82d2e316837b2de1738c477,,,96479924.0,2021-04-02T20:28:48,OpenSea-Orders,https://storage.googleapis.com/opensea-static/opensea-profile/22.png,0x7be8076f4ea4a4ad08075c2508e481d6c946d12b,verified,,0xdbd2279c047cbeedd77b72659a02f8fcce5b7db8aff1482428bc34ee19a4a7fd,0,,
84,0x35a223c051478ef5e1a65141bbf155568f9af6f58e8e5ace38a61142c87306eb,12162270,sebastianhuffle,https://storage.googleapis.com/opensea-static/opensea-profile/13.png,0xed4d4ec186ce43f7be93a0fc9f0e74747f3ce2da,,,96479466.0,2021-04-02T20:27:40,OpenSea-Orders,https://storage.googleapis.com/opensea-static/opensea-profile/22.png,0x7be8076f4ea4a4ad08075c2508e481d6c946d12b,verified,,0x64adb6939f32e81aa673a3ddaf24fca0ae1b1ef33bb2753eac9556b67ce09e06,128,,
85,0x35a223c051478ef5e1a65141bbf155568f9af6f58e8e5ace38a61142c87306eb,12162270,Minegung,https://storage.googleapis.com/opensea-static/opensea-profile/14.png,0x2a3bccbbea5bd5f788cdadf2963f8e29c653cad7,,,96479469.0,2021-04-02T20:27:40,OpenSea-Orders,https://storage.googleapis.com/opensea-static/opensea-profile/22.png,0x7be8076f4ea4a4ad08075c2508e481d6c946d12b,verified,,0x6ca10f6dcb5337b5833e5b18b8562fd334e1e3f204ee4a1eb4f7ec4f7f4eed11,141,,
86,0x81b8291e380b991185f006afa33ae225b1a34fe868630a8e748eef60eb7cc059,12162267,,https://storage.googleapis.com/opensea-static/opensea-profile/28.png,0x90e5aa59a9df2add394df81521dbbed5f3c4a1a3,,,96479279.0,2021-04-02T20:26:44,OpenSea-Orders,https://storage.googleapis.com/opensea-static/opensea-profile/22.png,0x7be8076f4ea4a4ad08075c2508e481d6c946d12b,verified,,0x41a43972438eb70085e02036ac7c0008555232ef506b81186d80e4a3b96b3432,35,,
87,0x81b8291e380b991185f006afa33ae225b1a34fe868630a8e748eef60eb7cc059,12162267,,https://storage.googleapis.com/opensea-static/opensea-profile/31.png,0x4ecf4b89ae48d37fb554a77c0ab4e07cd52f0448,,,96479287.0,2021-04-02T20:26:44,OpenSea-Orders,https://storage.googleapis.com/opensea-static/opensea-profile/22.png,0x7be8076f4ea4a4ad08075c2508e481d6c946d12b,verified,,0xf7b1f32eeca1930e5a750899e4c2aaa209b8dead21a1115fc1e951070e258038,94,,
88,0x303efd9406bb8686f9b676e68ea17d52d411cc4f41194faa55e2390089448280,12162263,gsd4,https://storage.googleapis.com/opensea-static/opensea-profile/18.png,0xf5d00dabec9cf3d978c534f0a2b9464d63830ca5,,,96479038.0,2021-04-02T20:24:56,OpenSea-Orders,https://storage.googleapis.com/opensea-static/opensea-profile/22.png,0x7be8076f4ea4a4ad08075c2508e481d6c946d12b,verified,,0x0615d906a11b0b54685f5fc6adf606fe621870f701865a4d708c5bed2d645926,51,,
89,0x303efd9406bb8686f9b676e68ea17d52d411cc4f41194faa55e2390089448280,12162263,str8cash4omie,https://storage.googleapis.com/opensea-static/opensea-profile/4.png,0xeb496346a594c4e2abaf1309cf61dfbdb81e524b,,,96479049.0,2021-04-02T20:24:56,OpenSea-Orders,https://storage.googleapis.com/opensea-static/opensea-profile/22.png,0x7be8076f4ea4a4ad08075c2508e481d6c946d12b,verified,,0x63a1d0da59089285b52163cc3015053d97273e4f0d50fe9d13652883eb4e0b9c,76,,
90,0xdc17ddf3e318e96444a1f6844c5b614d33cd3ce750268d9117f2b96d1c483e72,12162261,,https://storage.googleapis.com/opensea-static/opensea-profile/28.png,0xb9ac2416ec0009c914d0ba3c972b0b36f15f7145,,,96478918.0,2021-04-02T20:24:43,OpenSea-Orders,https://storage.googleapis.com/opensea-static/opensea-profile/22.png,0x7be8076f4ea4a4ad08075c2508e481d6c946d12b,verified,,0x95a9bddec3f3cd34efeb52448f4590ea1398642aa697782d18ea01d03ca43bcb,32,,
91,0x4a611c6dc1a743567814e9fc735ae45d629dc3a65ac2af1759897b6e0b07ecaf,12162257,Tt_ot,https://storage.googleapis.com/opensea-static/opensea-profile/29.png,0x2b967e7f4a162779d663d1279d8ae311f4ba984d,,,96478730.0,2021-04-02T20:23:39,OpenSea-Orders,https://storage.googleapis.com/opensea-static/opensea-profile/22.png,0x7be8076f4ea4a4ad08075c2508e481d6c946d12b,verified,,0xa327e6dd7fb090acdfd34ef2a3dffc5078f14faa358fa9a0633e975b8c7a88cc,22,,
92,0x15a39d2f7630b740e3fb3af2ac1067d2416e482815e6d6fb4514cd61827c64d4,12162252,Dunkin_Gonuts,https://storage.googleapis.com/opensea-static/opensea-profile/11.png,0xd0cf242dc8f7b6886fa0e4e31636a02dabb74e91,,,96478523.0,2021-04-02T20:23:08,OpenSea-Orders,https://storage.googleapis.com/opensea-static/opensea-profile/22.png,0x7be8076f4ea4a4ad08075c2508e481d6c946d12b,verified,,0x6d274ed9a96125b5c8ea606d2973fbd9371ef4ba4aebbc7b22719627ee31896c,120,,
93,0x15a39d2f7630b740e3fb3af2ac1067d2416e482815e6d6fb4514cd61827c64d4,12162252,CowboyCowboyCowboy,https://storage.googleapis.com/opensea-static/opensea-profile/15.png,0x001aba7087f49a135ffb121a40684416824e9c34,,,96478516.0,2021-04-02T20:23:08,OpenSea-Orders,https://storage.googleapis.com/opensea-static/opensea-profile/22.png,0x7be8076f4ea4a4ad08075c2508e481d6c946d12b,verified,,0xa091fb98f8e05025aee91acb1a2937b4a7465a28b196ce43c74b9e444beccac4,99,,
94,0x15a39d2f7630b740e3fb3af2ac1067d2416e482815e6d6fb4514cd61827c64d4,12162252,loudogsports,https://storage.googleapis.com/opensea-static/opensea-profile/5.png,0x99799dbb5a66b2ed2499524a741ab7911236db1c,,,96478525.0,2021-04-02T20:23:08,OpenSea-Orders,https://storage.googleapis.com/opensea-static/opensea-profile/22.png,0x7be8076f4ea4a4ad08075c2508e481d6c946d12b,verified,,0x296a7f32c300c814fe7053e3bb3f675d9a07ab816d6700285c78d836d3767502,121,,
95,0xad703a737465b0b49db59691421440a4f1577f2ae705e44b6436ee5bfc380a08,12162249,,https://storage.googleapis.com/opensea-static/opensea-profile/6.png,0xa15fcb76a21abbee57482ddc47e6af962645a024,,,96478350.0,2021-04-02T20:22:15,OpenSea-Orders,https://storage.googleapis.com/opensea-static/opensea-profile/22.png,0x7be8076f4ea4a4ad08075c2508e481d6c946d12b,verified,,0x7bc34e2d10d5fc7e9fb5b54ae65b9a4f995d248d54c1f672d2593064078e1ca3,86,,
96,0xad703a737465b0b49db59691421440a4f1577f2ae705e44b6436ee5bfc380a08,12162249,BFitzer,https://storage.googleapis.com/opensea-static/opensea-profile/5.png,0xbf482765b96fa35a0705398fe64d32a0501f7872,,,96478365.0,2021-04-02T20:22:15,OpenSea-Orders,https://storage.googleapis.com/opensea-static/opensea-profile/22.png,0x7be8076f4ea4a4ad08075c2508e481d6c946d12b,verified,,0x8f070424527fb1784bc2a483cb0b6e3ce5596b012a77ff9c06fe7450b0052a2f,118,,
97,0xad703a737465b0b49db59691421440a4f1577f2ae705e44b6436ee5bfc380a08,12162249,Late2Game331,https://storage.googleapis.com/opensea-static/opensea-profile/30.png,0xdc942b9d61cf4c0eadbc2cd3cccbade0dfa333e7,,,96478325.0,2021-04-02T20:22:15,OpenSea-Orders,https://storage.googleapis.com/opensea-static/opensea-profile/22.png,0x7be8076f4ea4a4ad08075c2508e481d6c946d12b,verified,,0xbce4a1dd9801da3281ca9c3bc977c610e78d16309476cecfad7007c46db2a61f,33,,
98,0x19318202ce0c804a70fbf87bd86b9c6a5b1eeadd8ffe5d56014be951e2fdb4a0,12162248,loudogsports,https://storage.googleapis.com/opensea-static/opensea-profile/5.png,0x99799dbb5a66b2ed2499524a741ab7911236db1c,,,96478286.0,2021-04-02T20:22:06,OpenSea-Orders,https://storage.googleapis.com/opensea-static/opensea-profile/22.png,0x7be8076f4ea4a4ad08075c2508e481d6c946d12b,verified,,0xcc7cd594251466a989d6c2fe9a1bcd560758ef5627bd7a8a94ee67727d4268c2,71,,
99,0xe4a0dd096da4a1093e9d834b3a1ab07ee7006e64dd0a473cf78ee4c8793cf959,12162246,ebelair,https://storage.googleapis.com/opensea-static/opensea-profile/4.png,0xe4462f66728dd587f5bf1e2189701e580541ea12,,,96478185.0,2021-04-02T20:21:47,OpenSea-Orders,https://storage.googleapis.com/opensea-static/opensea-profile/22.png,0x7be8076f4ea4a4ad08075c2508e481d6c946d12b,verified,,0x8f0f97dbbcac344f9815f8792de539bcda0eea723a672f2d4547f69819a9d320,104,,
100,0xe4a0dd096da4a1093e9d834b3a1ab07ee7006e64dd0a473cf78ee4c8793cf959,12162246,KKJ,https://storage.googleapis.com/opensea-static/opensea-profile/20.png,0xe7ba4861dab7fa95ae5fb8227de310133ca56a29,,,96478184.0,2021-04-02T20:21:47,OpenSea-Orders,https://storage.googleapis.com/opensea-static/opensea-profile/22.png,0x7be8076f4ea4a4ad08075c2508e481d6c946d12b,verified,,0xc17e1446d5c8c3ddeeeed7a21230fcc20a78849f9772a251f7d8be2e3aafb36e,101,,
101,0x7960e12fc7862a5da3d83e672e2888f5d084fbeef26c7fd9eb0e11fc5ba95a6d,12162244,khay86,https://storage.googleapis.com/opensea-static/opensea-profile/19.png,0xfa1c824ef5230df58b85cfbea52fb1b753843b59,,,96478071.0,2021-04-02T20:21:10,OpenSea-Orders,https://storage.googleapis.com/opensea-static/opensea-profile/22.png,0x7be8076f4ea4a4ad08075c2508e481d6c946d12b,verified,,0xb67ebb95b9b6abb598a57e45b806ff9d889a6ec7960ac702c354c7f6bfc142ab,170,,
102,0x7960e12fc7862a5da3d83e672e2888f5d084fbeef26c7fd9eb0e11fc5ba95a6d,12162244,Spotted,https://storage.googleapis.com/opensea-static/opensea-profile/30.png,0xb16b1a92b9fc6cae3aca2d1c77f9d592a38adff0,,,96478051.0,2021-04-02T20:21:10,OpenSea-Orders,https://storage.googleapis.com/opensea-static/opensea-profile/22.png,0x7be8076f4ea4a4ad08075c2508e481d6c946d12b,verified,,0xab974b95eaae26cb645465e29a06ea1c99826efc496cf8d0b451153291a3b7cf,127,,
103,0x0897c62c3d887a0285aac35b992bda97c26c19b20ef0c6503bca3d56dabb2cf7,12162243,Spotted,https://storage.googleapis.com/opensea-static/opensea-profile/30.png,0xb16b1a92b9fc6cae3aca2d1c77f9d592a38adff0,,,96477983.0,2021-04-02T20:20:49,OpenSea-Orders,https://storage.googleapis.com/opensea-static/opensea-profile/22.png,0x7be8076f4ea4a4ad08075c2508e481d6c946d12b,verified,,0xae509f32d98e1f5a03dd1f11d8df1daea514d20bf42a33023d848fc788594685,149,,
104,0x0897c62c3d887a0285aac35b992bda97c26c19b20ef0c6503bca3d56dabb2cf7,12162243,ODUGRAD11,https://storage.googleapis.com/opensea-static/opensea-profile/1.png,0x1d657e2022627962b259c0a679cb9a06cf919d14,,,96478000.0,2021-04-02T20:20:49,OpenSea-Orders,https://storage.googleapis.com/opensea-static/opensea-profile/22.png,0x7be8076f4ea4a4ad08075c2508e481d6c946d12b,verified,,0x4f4a5081c1ee8e217d2034466174bf5b00922dad81c94e11df376ad136602a0c,193,,
105,0x0897c62c3d887a0285aac35b992bda97c26c19b20ef0c6503bca3d56dabb2cf7,12162243,BossLog1ic,https://storage.googleapis.com/opensea-static/opensea-profile/29.png,0x0a2d58e423ba3beadcef9b14b684f52e23aba71e,,,96477999.0,2021-04-02T20:20:49,OpenSea-Orders,https://storage.googleapis.com/opensea-static/opensea-profile/22.png,0x7be8076f4ea4a4ad08075c2508e481d6c946d12b,verified,,0x36272f14a08d3f4ad2021c61e062975cde8315240fb8e0b3461fab7a983c0608,191,,
106,0x0897c62c3d887a0285aac35b992bda97c26c19b20ef0c6503bca3d56dabb2cf7,12162243,AlkalineDale,https://storage.googleapis.com/opensea-static/opensea-profile/24.png,0x308e17b8fe146b637ad10bb14bbe2012bbc6fb9d,,,96477998.0,2021-04-02T20:20:49,OpenSea-Orders,https://storage.googleapis.com/opensea-static/opensea-profile/22.png,0x7be8076f4ea4a4ad08075c2508e481d6c946d12b,verified,,0x894efc1072e8ec6f0330fe965d1af27240f3f2a253c52a75179f59c9a6ec68cc,190,,
107,0xe86ea20171168cb1d534edbb79f35a7e909136b21ecad382f7168bcad5af9789,12162242,Carlini8,https://storage.googleapis.com/opensea-static/opensea-profile/30.png,0x0d41f957181e584db82d2e316837b2de1738c477,,,96477899.0,2021-04-02T20:20:34,OpenSea-Orders,https://storage.googleapis.com/opensea-static/opensea-profile/22.png,0x7be8076f4ea4a4ad08075c2508e481d6c946d12b,verified,,0x825925a4d4be9be4fa473c4ad26bed37f67d5a0b56551eacff7ff07cf0b7370f,1,,
108,0xe86ea20171168cb1d534edbb79f35a7e909136b21ecad382f7168bcad5af9789,12162242,Iowahusker,https://storage.googleapis.com/opensea-static/opensea-profile/29.png,0x97a4e84a0c1945b0162b2a92f9f566b7fd815f70,,,96477932.0,2021-04-02T20:20:34,OpenSea-Orders,https://storage.googleapis.com/opensea-static/opensea-profile/22.png,0x7be8076f4ea4a4ad08075c2508e481d6c946d12b,verified,,0xe22a88e8fe0ea78988cdc9b2570687d2c95ea870f516622bd6d7d34278bf4bf1,149,,
109,0xd17fcd6e234a7d023cb9990229883d56124b5cc64d51281c3cf1761dc56af2bc,12162241,irblack,https://storage.googleapis.com/opensea-static/opensea-profile/27.png,0x5ce50f7c475ff98c09df85ff9545d577b91d3da7,,,96477876.0,2021-04-02T20:20:25,OpenSea-Orders,https://storage.googleapis.com/opensea-static/opensea-profile/22.png,0x7be8076f4ea4a4ad08075c2508e481d6c946d12b,verified,,0x92b2eb929b81ba2cb1de97ab46f8a19876de84b9a816d359969488a188e041fe,109,,
110,0xd17fcd6e234a7d023cb9990229883d56124b5cc64d51281c3cf1761dc56af2bc,12162241,SkyHook,https://storage.googleapis.com/opensea-static/opensea-profile/18.png,0x81a4e7c03c54f32d5037241e101b2d20c4984287,,,96477878.0,2021-04-02T20:20:25,OpenSea-Orders,https://storage.googleapis.com/opensea-static/opensea-profile/22.png,0x7be8076f4ea4a4ad08075c2508e481d6c946d12b,verified,,0x9bfcf63053c12036f4dc7c474f7eb9259f13d948d28095741751c13032ba9728,112,,
111,0xd17fcd6e234a7d023cb9990229883d56124b5cc64d51281c3cf1761dc56af2bc,12162241,GameTheoryBro,https://storage.googleapis.com/opensea-static/opensea-profile/7.png,0xd017aa7d4d054a673092ac9e14c82d3e73d8f040,,,96477879.0,2021-04-02T20:20:25,OpenSea-Orders,https://storage.googleapis.com/opensea-static/opensea-profile/22.png,0x7be8076f4ea4a4ad08075c2508e481d6c946d12b,verified,,0x409740c8dfe0730c9b88ba1801da43c9dba8741cdaed2fbff74e252133e5addc,113,,
112,0xd17fcd6e234a7d023cb9990229883d56124b5cc64d51281c3cf1761dc56af2bc,12162241,TJ16,https://storage.googleapis.com/opensea-static/opensea-profile/5.png,0x9ccde6666b69f1271421959b0549ca48ca655766,,,96477861.0,2021-04-02T20:20:25,OpenSea-Orders,https://storage.googleapis.com/opensea-static/opensea-profile/22.png,0x7be8076f4ea4a4ad08075c2508e481d6c946d12b,verified,,0xb1ab6f6fe6077a60e585276ace803f4753c407f95e31f648bbd4ffc27002e4ee,74,,
113,0xd17fcd6e234a7d023cb9990229883d56124b5cc64d51281c3cf1761dc56af2bc,12162241,inreb03,https://storage.googleapis.com/opensea-static/opensea-profile/13.png,0xf721370944d3321d0d3a949ef2d8446e64c352d7,,,96477862.0,2021-04-02T20:20:25,OpenSea-Orders,https://storage.googleapis.com/opensea-static/opensea-profile/22.png,0x7be8076f4ea4a4ad08075c2508e481d6c946d12b,verified,,0xe5bce1fc2bb6bd3e40183028548bb256b658a279eaa5273fe877e5ad07de252c,75,,
114,0xd17fcd6e234a7d023cb9990229883d56124b5cc64d51281c3cf1761dc56af2bc,12162241,ilikesports2,https://storage.googleapis.com/opensea-static/opensea-profile/5.png,0x1939e141dcb192bc2d0a3872bf68b5fcb6d7ec78,,,96477873.0,2021-04-02T20:20:25,OpenSea-Orders,https://storage.googleapis.com/opensea-static/opensea-profile/22.png,0x7be8076f4ea4a4ad08075c2508e481d6c946d12b,verified,,0x4c70efc6574df95ef6849923f30039629fb286189030ddc6f66475ad6444aecd,104,,
115,0xd17fcd6e234a7d023cb9990229883d56124b5cc64d51281c3cf1761dc56af2bc,12162241,,https://storage.googleapis.com/opensea-static/opensea-profile/11.png,0x777d1363caee99e50e68789d6c5bd8f5445988b5,,,96477874.0,2021-04-02T20:20:25,OpenSea-Orders,https://storage.googleapis.com/opensea-static/opensea-profile/22.png,0x7be8076f4ea4a4ad08075c2508e481d6c946d12b,verified,,0x247645f7864474acf10f447c0c82ebf393203af7fc52bdcea0be057b898ef933,107,,
116,0xd17fcd6e234a7d023cb9990229883d56124b5cc64d51281c3cf1761dc56af2bc,12162241,Crusadin,https://storage.googleapis.com/opensea-static/opensea-profile/10.png,0x97ad9e55a31ed62dd53483b29cc4e68384ef9fbc,,,96477877.0,2021-04-02T20:20:25,OpenSea-Orders,https://storage.googleapis.com/opensea-static/opensea-profile/22.png,0x7be8076f4ea4a4ad08075c2508e481d6c946d12b,verified,,0xfcb010380cfa61897c0a6b1ab40199c6e7e52f25903f692067c55b7a17947828,110,,
117,0xd17fcd6e234a7d023cb9990229883d56124b5cc64d51281c3cf1761dc56af2bc,12162241,Marcus124,https://storage.googleapis.com/opensea-static/opensea-profile/12.png,0x2dd534dd4949ccdbb301d29b15d8b86111ee4ae1,,,96477875.0,2021-04-02T20:20:25,OpenSea-Orders,https://storage.googleapis.com/opensea-static/opensea-profile/22.png,0x7be8076f4ea4a4ad08075c2508e481d6c946d12b,verified,,0x6bda72198f1da125a744ea02ca1a29f855301be83c0a722e7c4115d90d50bee0,108,,
118,,,,,,,,,,,,,,,,,,
119,,,,,,,,,,,,,,,,,,
120,,,,,,,,,,,,,,,,,,
121,,,,,,,,,,,,,,,,,,
122,,,,,,,,,,,,,,,,,,
123,,,,,,,,,,,,,,,,,,
124,,,,,,,,,,,,,,,,,,
125,,,,,,,,,,,,,,,,,,
126,,,,,,,,,,,,,,,,,,
127,,,,,,,,,,,,,,,,,,
128,,,,,,,,,,,,,,,,,,
129,,,,,,,,,,,,,,,,,,
130,,,,,,,,,,,,,,,,,,
131,,,,,,,,,,,,,,,,,,
132,,,,,,,,,,,,,,,,,,
133,,,,,,,,,,,,,,,,,,
134,,,,,,,,,,,,,,,,,,
135,,,,,,,,,,,,,,,,,,
136,,,,,,,,,,,,,,,,,,
137,,,,,,,,,,,,,,,,,,
138,,,,,,,,,,,,,,,,,,
139,,,,,,,,,,,,,,,,,,
140,,,,,,,,,,,,,,,,,,
141,,,,,,,,,,,,,,,,,,
142,,,,,,,,,,,,,,,,,,
143,,,,,,,,,,,,,,,,,,
144,,,,,,,,,,,,,,,,,,
145,,,,,,,,,,,,,,,,,,
146,,,,,,,,,,,,,,,,,,
147,,,,,,,,,,,,,,,,,,
148,,,,,,,,,,,,,,,,,,
149,,,,,,,,,,,,,,,,,,
150,,,,,,,,,,,,,,,,,,
151,,,,,,,,,,,,,,,,,,
152,,,,,,,,,,,,,,,,,,
153,,,,,,,,,,,,,,,,,,
154,,,,,,,,,,,,,,,,,,
155,,,,,,,,,,,,,,,,,,
156,,,,,,,,,,,,,,,,,,
157,,,,,,,,,,,,,,,,,,
158,,,,,,,,,,,,,,,,,,
159,,,,,,,,,,,,,,,,,,
160,,,,,,,,,,,,,,,,,,
161,,,,,,,,,,,,,,,,,,
162,,,,,,,,,,,,,,,,,,
163,,,,,,,,,,,,,,,,,,
164,,,,,,,,,,,,,,,,,,
165,,,,,,,,,,,,,,,,,,
166,,,,,,,,,,,,,,,,,,
167,,,,,,,,,,,,,,,,,,
168,,,,,,,,,,,,,,,,,,
169,,,,,,,,,,,,,,,,,,
170,,,,,,,,,,,,,,,,,,
171,,,,,,,,,,,,,,,,,,
172,,,,,,,,,,,,,,,,,,
173,,,,,,,,,,,,,,,,,,
174,,,,,,,,,,,,,,,,,,
175,,,,,,,,,,,,,,,,,,
176,,,,,,,,,,,,,,,,,,
177,,,,,,,,,,,,,,,,,,
178,,,,,,,,,,,,,,,,,,
179,,,,,,,,,,,,,,,,,,
180,,,,,,,,,,,,,,,,,,
181,,,,,,,,,,,,,,,,,,
182,,,,,,,,,,,,,,,,,,
183,,,,,,,,,,,,,,,,,,
184,,,,,,,,,,,,,,,,,,
185,,,,,,,,,,,,,,,,,,
186,,,,,,,,,,,,,,,,,,
187,,,,,,,,,,,,,,,,,,
188,,,,,,,,,,,,,,,,,,
189,,,,,,,,,,,,,,,,,,
190,,,,,,,,,,,,,,,,,,
191,,,,,,,,,,,,,,,,,,
192,,,,,,,,,,,,,,,,,,
193,,,,,,,,,,,,,,,,,,
194,,,,,,,,,,,,,,,,,,
195,,,,,,,,,,,,,,,,,,
196,,,,,,,,,,,,,,,,,,
197,,,,,,,,,,,,,,,,,,
198,,,,,,,,,,,,,,,,,,
199,,,,,,,,,,,,,,,,,,
